token,meaning,category
vomo,water,noun
mina,memory,noun
kiva,home,noun
veki,tree,noun
sonu,moon,noun
meni,memory,noun
leli,memory,noun
keta,sun,noun
nate,memory,noun
sapo,water,noun
kipu,water,noun
mene,memory,noun
tave,path,noun
rere,path,noun
rive,memory,noun
poka,home,noun
lusi,memory,noun
rume,path,noun
tupe,moon,noun
meso,water,noun
nila,sun,noun
roma,path,noun
rami,path,noun
vini,water,noun
talo,home,noun
saru,moon,noun
manu,sun,noun
sora,tree,noun
viku,light,noun
soto,moon,noun
vumo,sun,noun
mepi,home,noun
